Workbook

Sheet Summary
A1: F1 Predictor Backtest — 2016–2026
A2: Every summary number below is a formula over the Races tab. Train = 2016–2023 (weights fitted here); Test = 2024–2026 (never seen during fitting). 2015 excluded: Elo has no history yet.
A4: Metric (Test 2024–2026) | B4: Current model | C4: New model | D4: Uniform baseline | E4: Change (new vs current) | F4: How to read it
A5: Races in test set | B5: =COUNTIFS(Races!$D$2:$D$226,"Test") -> 59 | C5: =COUNTIFS(Races!$D$2:$D$226,"Test") -> 59 | D5: =COUNTIFS(Races!$D$2:$D$226,"Test") -> 59 | F5: Sample size
A6: Win log-loss | B6: =AVERAGEIFS(Races!$O$2:$O$226,Races!$D$2:$D$226,"Test") -> 2.0719481 | C6: =AVERAGEIFS(Races!$P$2:$P$226,Races!$D$2:$D$226,"Test") -> 1.9561835 | D6: =AVERAGEIFS(Races!$Q$2:$Q$226,Races!$D$2:$D$226,"Test") -> 3.1075135 | E6: =(C6-B6)/B6 -> -0.055872338 | F6: Lower is better. Main accuracy score.
A7: Winner picked correctly | B7: =AVERAGEIFS(Races!$M$2:$M$226,Races!$D$2:$D$226,"Test") -> 0.22033898 | C7: =AVERAGEIFS(Races!$N$2:$N$226,Races!$D$2:$D$226,"Test") -> 0.22033898 | D7: =1/AVERAGEIFS(Races!$E$2:$E$226,Races!$D$2:$D$226,"Test") -> 0.044629349 | E7: =C7-B7 -> 0 | F7: Share of races where top pick won
A8: Podium drivers correct | B8: =AVERAGEIFS(Races!$R$2:$R$226,Races!$D$2:$D$226,"Test")/3 -> 0.56497175 | C8: =AVERAGEIFS(Races!$S$2:$S$226,Races!$D$2:$D$226,"Test")/3 -> 0.5819209 | E8: =C8-B8 -> 0.016949153 | F8: Of the 3 podium spots, share predicted
A10: Metric (Train 2016–2023) | B10: Current model | C10: New model | D10: Uniform baseline | E10: Change
A11: Races | B11: =COUNTIFS(Races!$D$2:$D$226,"Train") -> 166 | C11: =COUNTIFS(Races!$D$2:$D$226,"Train") -> 166 | D11: =COUNTIFS(Races!$D$2:$D$226,"Train") -> 166
A12: Win log-loss | B12: =AVERAGEIFS(Races!$O$2:$O$226,Races!$D$2:$D$226,"Train") -> 1.7959266 | C12: =AVERAGEIFS(Races!$P$2:$P$226,Races!$D$2:$D$226,"Train") -> 1.6353691 | D12: =AVERAGEIFS(Races!$Q$2:$Q$226,Races!$D$2:$D$226,"Train") -> 3.0917239 | E12: =(C12-B12)/B12 -> -0.089400947
A13: Winner picked correctly | B13: =AVERAGEIFS(Races!$M$2:$M$226,Races!$D$2:$D$226,"Train") -> 0.51807229 | C13: =AVERAGEIFS(Races!$N$2:$N$226,Races!$D$2:$D$226,"Train") -> 0.51807229 | E13: =C13-B13 -> 0
A14: Podium drivers correct | B14: =AVERAGEIFS(Races!$R$2:$R$226,Races!$D$2:$D$226,"Train")/3 -> 0.60843373 | C14: =AVERAGEIFS(Races!$S$2:$S$226,Races!$D$2:$D$226,"Train")/3 -> 0.61445783 | E14: =C14-B14 -> 0.0060240964
A16: Model parameters
A17: Parameter | B17: Current | C17: New (fitted on Train) | F17: What it means
A18: Driver weight (vs car) | B18: 0.3 | C18: 0.346 | F18: Share of strength from driver Elo; rest from team rating
A19: Temperature | B19: 1 | C19: 1.203 | F19: >1 = more confident favourites, <1 = flatter odds
A20: Team recent-form weight | B20: 0 | C20: 0.232 | F20: Bonus per unit of last-6-race team points (1.0 = winning every race)
A22: Blue = hardcoded values. Current = previous hand-tuned predictor.ts (WD=0.3, WT=0.7). New = values now in lib/predictor.ts, fitted by maximising Plackett-Luce likelihood of the top-10 finishing order on 2016–2023 (python scripts/backtest.py --fit). Probabilities in the Races tab were computed in Python from these parameters; changing them here does not recompute the Races tab.
A24: Calibration check (test set, current model)
A25: When the model gave a driver 20–40% to win, it averaged 27% predicted vs 29% actual (77 cases). It is calibrated: the low hit rate reflects F1 randomness, not broken probabilities.
A27: Résumé line this supports
A28: ="Backtested on "&(B5+B11)&" races (2016–2026); win log-loss "&TEXT(C6,"0.00")&" vs "&TEXT(D6,"0.00")&" uniform baseline on held-out 2024–2026." -> Backtested on 225 races (2016–2026); win log-loss 1.96 vs 3.11 uniform baseline on held-out 2024–2026.

Sheet By Year
A1: Year | B1: Races | C1: Log-loss current | D1: Log-loss new | E1: Hit current | F1: Hit new | G1: Podium current | H1: Podium new | I1: Log-loss change
A2: 2016 | B2: =COUNTIFS(Races!$A$2:$A$226,VALUE(A2)) -> 21 | C2: =AVERAGEIFS(Races!$O$2:$O$226,Races!$A$2:$A$226,VALUE(A2)) -> 1.8019321 | D2: =AVERAGEIFS(Races!$P$2:$P$226,Races!$A$2:$A$226,VALUE(A2)) -> 1.6300414 | E2: =AVERAGEIFS(Races!$M$2:$M$226,Races!$A$2:$A$226,VALUE(A2)) -> 0.33333333 | F2: =AVERAGEIFS(Races!$N$2:$N$226,Races!$A$2:$A$226,VALUE(A2)) -> 0.33333333 | G2: =AVERAGEIFS(Races!$R$2:$R$226,Races!$A$2:$A$226,VALUE(A2))/3 -> 0.68253968 | H2: =AVERAGEIFS(Races!$S$2:$S$226,Races!$A$2:$A$226,VALUE(A2))/3 -> 0.6984127 | I2: =(D2-C2)/C2 -> -0.095392452
A3: 2017 | B3: =COUNTIFS(Races!$A$2:$A$226,VALUE(A3)) -> 20 | C3: =AVERAGEIFS(Races!$O$2:$O$226,Races!$A$2:$A$226,VALUE(A3)) -> 2.0676922 | D3: =AVERAGEIFS(Races!$P$2:$P$226,Races!$A$2:$A$226,VALUE(A3)) -> 1.9363193 | E3: =AVERAGEIFS(Races!$M$2:$M$226,Races!$A$2:$A$226,VALUE(A3)) -> 0.4 | F3: =AVERAGEIFS(Races!$N$2:$N$226,Races!$A$2:$A$226,VALUE(A3)) -> 0.4 | G3: =AVERAGEIFS(Races!$R$2:$R$226,Races!$A$2:$A$226,VALUE(A3))/3 -> 0.6 | H3: =AVERAGEIFS(Races!$S$2:$S$226,Races!$A$2:$A$226,VALUE(A3))/3 -> 0.6 | I3: =(D3-C3)/C3 -> -0.063536027
A4: 2018 | B4: =COUNTIFS(Races!$A$2:$A$226,VALUE(A4)) -> 21 | C4: =AVERAGEIFS(Races!$O$2:$O$226,Races!$A$2:$A$226,VALUE(A4)) -> 1.8971473 | D4: =AVERAGEIFS(Races!$P$2:$P$226,Races!$A$2:$A$226,VALUE(A4)) -> 1.7445298 | E4: =AVERAGEIFS(Races!$M$2:$M$226,Races!$A$2:$A$226,VALUE(A4)) -> 0.52380952 | F4: =AVERAGEIFS(Races!$N$2:$N$226,Races!$A$2:$A$226,VALUE(A4)) -> 0.52380952 | G4: =AVERAGEIFS(Races!$R$2:$R$226,Races!$A$2:$A$226,VALUE(A4))/3 -> 0.57142857 | H4: =AVERAGEIFS(Races!$S$2:$S$226,Races!$A$2:$A$226,VALUE(A4))/3 -> 0.58730159 | I4: =(D4-C4)/C4 -> -0.080445789
A5: 2019 | B5: =COUNTIFS(Races!$A$2:$A$226,VALUE(A5)) -> 21 | C5: =AVERAGEIFS(Races!$O$2:$O$226,Races!$A$2:$A$226,VALUE(A5)) -> 1.7077832 | D5: =AVERAGEIFS(Races!$P$2:$P$226,Races!$A$2:$A$226,VALUE(A5)) -> 1.5979675 | E5: =AVERAGEIFS(Races!$M$2:$M$226,Races!$A$2:$A$226,VALUE(A5)) -> 0.52380952 | F5: =AVERAGEIFS(Races!$N$2:$N$226,Races!$A$2:$A$226,VALUE(A5)) -> 0.52380952 | G5: =AVERAGEIFS(Races!$R$2:$R$226,Races!$A$2:$A$226,VALUE(A5))/3 -> 0.66666667 | H5: =AVERAGEIFS(Races!$S$2:$S$226,Races!$A$2:$A$226,VALUE(A5))/3 -> 0.66666667 | I5: =(D5-C5)/C5 -> -0.064303046
A6: 2020 | B6: =COUNTIFS(Races!$A$2:$A$226,VALUE(A6)) -> 17 | C6: =AVERAGEIFS(Races!$O$2:$O$226,Races!$A$2:$A$226,VALUE(A6)) -> 1.7522081 | D6: =AVERAGEIFS(Races!$P$2:$P$226,Races!$A$2:$A$226,VALUE(A6)) -> 1.5868567 | E6: =AVERAGEIFS(Races!$M$2:$M$226,Races!$A$2:$A$226,VALUE(A6)) -> 0.64705882 | F6: =AVERAGEIFS(Races!$N$2:$N$226,Races!$A$2:$A$226,VALUE(A6)) -> 0.64705882 | G6: =AVERAGEIFS(Races!$R$2:$R$226,Races!$A$2:$A$226,VALUE(A6))/3 -> 0.66666667 | H6: =AVERAGEIFS(Races!$S$2:$S$226,Races!$A$2:$A$226,VALUE(A6))/3 -> 0.66666667 | I6: =(D6-C6)/C6 -> -0.094367419
A7: 2021 | B7: =COUNTIFS(Races!$A$2:$A$226,VALUE(A7)) -> 22 | C7: =AVERAGEIFS(Races!$O$2:$O$226,Races!$A$2:$A$226,VALUE(A7)) -> 1.9480972 | D7: =AVERAGEIFS(Races!$P$2:$P$226,Races!$A$2:$A$226,VALUE(A7)) -> 1.8142825 | E7: =AVERAGEIFS(Races!$M$2:$M$226,Races!$A$2:$A$226,VALUE(A7)) -> 0.31818182 | F7: =AVERAGEIFS(Races!$N$2:$N$226,Races!$A$2:$A$226,VALUE(A7)) -> 0.31818182 | G7: =AVERAGEIFS(Races!$R$2:$R$226,Races!$A$2:$A$226,VALUE(A7))/3 -> 0.65151515 | H7: =AVERAGEIFS(Races!$S$2:$S$226,Races!$A$2:$A$226,VALUE(A7))/3 -> 0.65151515 | I7: =(D7-C7)/C7 -> -0.068689963
A8: 2022 | B8: =COUNTIFS(Races!$A$2:$A$226,VALUE(A8)) -> 22 | C8: =AVERAGEIFS(Races!$O$2:$O$226,Races!$A$2:$A$226,VALUE(A8)) -> 1.9493009 | D8: =AVERAGEIFS(Races!$P$2:$P$226,Races!$A$2:$A$226,VALUE(A8)) -> 1.7811673 | E8: =AVERAGEIFS(Races!$M$2:$M$226,Races!$A$2:$A$226,VALUE(A8)) -> 0.54545455 | F8: =AVERAGEIFS(Races!$N$2:$N$226,Races!$A$2:$A$226,VALUE(A8)) -> 0.54545455 | G8: =AVERAGEIFS(Races!$R$2:$R$226,Races!$A$2:$A$226,VALUE(A8))/3 -> 0.5 | H8: =AVERAGEIFS(Races!$S$2:$S$226,Races!$A$2:$A$226,VALUE(A8))/3 -> 0.51515152 | I8: =(D8-C8)/C8 -> -0.086253293
A9: 2023 | B9: =COUNTIFS(Races!$A$2:$A$226,VALUE(A9)) -> 22 | C9: =AVERAGEIFS(Races!$O$2:$O$226,Races!$A$2:$A$226,VALUE(A9)) -> 1.2588891 | D9: =AVERAGEIFS(Races!$P$2:$P$226,Races!$A$2:$A$226,VALUE(A9)) -> 1.0111412 | E9: =AVERAGEIFS(Races!$M$2:$M$226,Races!$A$2:$A$226,VALUE(A9)) -> 0.86363636 | F9: =AVERAGEIFS(Races!$N$2:$N$226,Races!$A$2:$A$226,VALUE(A9)) -> 0.86363636 | G9: =AVERAGEIFS(Races!$R$2:$R$226,Races!$A$2:$A$226,VALUE(A9))/3 -> 0.54545455 | H9: =AVERAGEIFS(Races!$S$2:$S$226,Races!$A$2:$A$226,VALUE(A9))/3 -> 0.54545455 | I9: =(D9-C9)/C9 -> -0.19679883
A10: 2024 | B10: =COUNTIFS(Races!$A$2:$A$226,VALUE(A10)) -> 24 | C10: =AVERAGEIFS(Races!$O$2:$O$226,Races!$A$2:$A$226,VALUE(A10)) -> 2.1834635 | D10: =AVERAGEIFS(Races!$P$2:$P$226,Races!$A$2:$A$226,VALUE(A10)) -> 2.0866725 | E10: =AVERAGEIFS(Races!$M$2:$M$226,Races!$A$2:$A$226,VALUE(A10)) -> 0.375 | F10: =AVERAGEIFS(Races!$N$2:$N$226,Races!$A$2:$A$226,VALUE(A10)) -> 0.375 | G10: =AVERAGEIFS(Races!$R$2:$R$226,Races!$A$2:$A$226,VALUE(A10))/3 -> 0.51388889 | H10: =AVERAGEIFS(Races!$S$2:$S$226,Races!$A$2:$A$226,VALUE(A10))/3 -> 0.54166667 | I10: =(D10-C10)/C10 -> -0.044329101
A11: 2025 | B11: =COUNTIFS(Races!$A$2:$A$226,VALUE(A11)) -> 24 | C11: =AVERAGEIFS(Races!$O$2:$O$226,Races!$A$2:$A$226,VALUE(A11)) -> 1.9556622 | D11: =AVERAGEIFS(Races!$P$2:$P$226,Races!$A$2:$A$226,VALUE(A11)) -> 1.8125042 | E11: =AVERAGEIFS(Races!$M$2:$M$226,Races!$A$2:$A$226,VALUE(A11)) -> 0.125 | F11: =AVERAGEIFS(Races!$N$2:$N$226,Races!$A$2:$A$226,VALUE(A11)) -> 0.125 | G11: =AVERAGEIFS(Races!$R$2:$R$226,Races!$A$2:$A$226,VALUE(A11))/3 -> 0.66666667 | H11: =AVERAGEIFS(Races!$S$2:$S$226,Races!$A$2:$A$226,VALUE(A11))/3 -> 0.68055556 | I11: =(D11-C11)/C11 -> -0.073201796
A12: 2026 | B12: =COUNTIFS(Races!$A$2:$A$226,VALUE(A12)) -> 11 | C12: =AVERAGEIFS(Races!$O$2:$O$226,Races!$A$2:$A$226,VALUE(A12)) -> 2.0823564 | D12: =AVERAGEIFS(Races!$P$2:$P$226,Races!$A$2:$A$226,VALUE(A12)) -> 1.9849623 | E12: =AVERAGEIFS(Races!$M$2:$M$226,Races!$A$2:$A$226,VALUE(A12)) -> 0.090909091 | F12: =AVERAGEIFS(Races!$N$2:$N$226,Races!$A$2:$A$226,VALUE(A12)) -> 0.090909091 | G12: =AVERAGEIFS(Races!$R$2:$R$226,Races!$A$2:$A$226,VALUE(A12))/3 -> 0.45454545 | H12: =AVERAGEIFS(Races!$S$2:$S$226,Races!$A$2:$A$226,VALUE(A12))/3 -> 0.45454545 | I12: =(D12-C12)/C12 -> -0.046771112

Sheet Next Steps
A1: # | B1: Improvement | C1: Measured / expected impact | D1: Blocker | E1: Confidence
A2: 1 | B2: Fit driver/team weights + temperature to data | C2: ~6% lower test log-loss (measured) | D2: None — shipped | E2: Certain
A3: 2 | B3: Add last-6-race team form signal | C3: Included in "New model"; now in lib/predictor.ts | D3: None — shipped | E3: Certain
A4: 3 | B4: Add qualifying / grid position | C4: Expected to be the largest single gain | D4: Grid data lives in local Ergast CSVs, not on GitHub | E4: Likely
A5: 4 | B5: Faster Elo / team-rating updates (K-factor) | C5: Should fix 2024 Verstappen lag | D5: build_all_years.py is local only | E5: Likely
A6: 5 | B6: Replace "validated against 2026 results" on résumé | C6: Makes the claim defensible | D6: None | E6: Certain

Sheet Races
A1: Year | B1: Round | C1: Race | D1: Split | E1: Field size | F1: Current pick | G1: Current P(pick) | H1: New pick | I1: New P(pick) | J1: Actual winner | K1: Current P(actual) | L1: New P(actual) | M1: Current hit | N1: New hit | O1: Current log-loss | P1: New log-loss | Q1: Uniform log-loss | R1: Current podium correct (0-3) | S1: New podium correct (0-3)
A2: 2016 | B2: 1 | C2: Australian Grand Prix | D2: Train | E2: 24 | F2: Lewis Hamilton | G2: 0.1155 | H2: Lewis Hamilton | I2: 0.1354 | J2: Nico Rosberg | K2: 0.1101 | L2: 0.1268 | M2: =IF(F2=J2,1,0) -> 0 | N2: =IF(H2=J2,1,0) -> 0 | O2: =-LN(K2) -> 2.2063662 | P2: =-LN(L2) -> 2.0651442 | Q2: =LN(E2) -> 3.1780538 | R2: 3 | S2: 3
A3: 2016 | B3: 2 | C3: Bahrain Grand Prix | D3: Train | E3: 24 | F3: Nico Rosberg | G3: 0.1822 | H3: Nico Rosberg | I3: 0.2362 | J3: Nico Rosberg | K3: 0.1822 | L3: 0.2362 | M3: =IF(F3=J3,1,0) -> 1 | N3: =IF(H3=J3,1,0) -> 1 | O3: =-LN(K3) -> 1.7026503 | P3: =-LN(L3) -> 1.4430764 | Q3: =LN(E3) -> 3.1780538 | R3: 2 | S3: 2
A4: 2016 | B4: 3 | C4: Chinese Grand Prix | D4: Train | E4: 24 | F4: Nico Rosberg | G4: 0.2284 | H4: Nico Rosberg | I4: 0.2938 | J4: Nico Rosberg | K4: 0.2284 | L4: 0.2938 | M4: =IF(F4=J4,1,0) -> 1 | N4: =IF(H4=J4,1,0) -> 1 | O4: =-LN(K4) -> 1.4766568 | P4: =-LN(L4) -> 1.224856 | Q4: =LN(E4) -> 3.1780538 | R4: 2 | S4: 2
A5: 2016 | B5: 4 | C5: Russian Grand Prix | D5: Train | E5: 24 | F5: Nico Rosberg | G5: 0.2482 | H5: Nico Rosberg | I5: 0.3209 | J5: Nico Rosberg | K5: 0.2482 | L5: 0.3209 | M5: =IF(F5=J5,1,0) -> 1 | N5: =IF(H5=J5,1,0) -> 1 | O5: =-LN(K5) -> 1.3935204 | P5: =-LN(L5) -> 1.1366257 | Q5: =LN(E5) -> 3.1780538 | R5: 2 | S5: 2
A6: 2016 | B6: 5 | C6: Spanish Grand Prix | D6: Train | E6: 24 | F6: Nico Rosberg | G6: 0.267 | H6: Nico Rosberg | I6: 0.3499 | J6: Max Verstappen | K6: 0.0356 | L6: 0.0276 | M6: =IF(F6=J6,1,0) -> 0 | N6: =IF(H6=J6,1,0) -> 0 | O6: =-LN(K6) -> 3.3354096 | P6: =-LN(L6) -> 3.5899395 | Q6: =LN(E6) -> 3.1780538 | R6: 1 | S6: 1
A7: 2016 | B7: 6 | C7: Monaco Grand Prix | D7: Train | E7: 24 | F7: Nico Rosberg | G7: 0.2175 | H7: Nico Rosberg | I7: 0.2736 | J7: Lewis Hamilton | K7: 0.1649 | L7: 0.1863 | M7: =IF(F7=J7,1,0) -> 0 | N7: =IF(H7=J7,1,0) -> 0 | O7: =-LN(K7) -> 1.802416 | P7: =-LN(L7) -> 1.680397 | Q7: =LN(E7) -> 3.1780538 | R7: 1 | S7: 1
A8: 2016 | B8: 7 | C8: Canadian Grand Prix | D8: Train | E8: 24 | F8: Nico Rosberg | G8: 0.1933 | H8: Nico Rosberg | I8: 0.2411 | J8: Lewis Hamilton | K8: 0.1693 | L8: 0.2008 | M8: =IF(F8=J8,1,0) -> 0 | N8: =IF(H8=J8,1,0) -> 0 | O8: =-LN(K8) -> 1.776083 | P8: =-LN(L8) -> 1.6054459 | Q8: =LN(E8) -> 3.1780538 | R8: 2 | S8: 2
A9: 2016 | B9: 8 | C9: European Grand Prix | D9: Train | E9: 24 | F9: Nico Rosberg | G9: 0.1794 | H9: Nico Rosberg | I9: 0.2207 | J9: Nico Rosberg | K9: 0.1794 | L9: 0.2207 | M9: =IF(F9=J9,1,0) -> 1 | N9: =IF(H9=J9,1,0) -> 1 | O9: =-LN(K9) -> 1.7181373 | P9: =-LN(L9) -> 1.510951 | Q9: =LN(E9) -> 3.1780538 | R9: 2 | S9: 2
A10: 2016 | B10: 9 | C10: Austrian Grand Prix | D10: Train | E10: 24 | F10: Nico Rosberg | G10: 0.1892 | H10: Nico Rosberg | I10: 0.2383 | J10: Lewis Hamilton | K10: 0.1653 | L10: 0.1977 | M10: =IF(F10=J10,1,0) -> 0 | N10: =IF(H10=J10,1,0) -> 0 | O10: =-LN(K10) -> 1.7999933 | P10: =-LN(L10) -> 1.6210045 | Q10: =LN(E10) -> 3.1780538 | R10: 1 | S10: 1
A11: 2016 | B11: 10 | C11: British Grand Prix | D11: Train | E11: 24 | F11: Nico Rosberg | G11: 0.1845 | H11: Nico Rosberg | I11: 0.231 | J11: Lewis Hamilton | K11: 0.1775 | L11: 0.2188 | M11: =IF(F11=J11,1,0) -> 0 | N11: =IF(H11=J11,1,0) -> 0 | O11: =-LN(K11) -> 1.7287847 | P11: =-LN(L11) -> 1.5195972 | Q11: =LN(E11) -> 3.1780538 | R11: 2 | S11: 2
A12: 2016 | B12: 11 | C12: Hungarian Grand Prix | D12: Train | E12: 24 | F12: Lewis Hamilton | G12: 0.1889 | H12: Lewis Hamilton | I12: 0.2376 | J12: Lewis Hamilton | K12: 0.1889 | L12: 0.2376 | M12: =IF(F12=J12,1,0) -> 1 | N12: =IF(H12=J12,1,0) -> 1 | O12: =-LN(K12) -> 1.6665375 | P12: =-LN(L12) -> 1.4371667 | Q12: =LN(E12) -> 3.1780538 | R12: 2 | S12: 2
A13: 2016 | B13: 12 | C13: German Grand Prix | D13: Train | E13: 24 | F13: Lewis Hamilton | G13: 0.2001 | H13: Lewis Hamilton | I13: 0.2557 | J13: Lewis Hamilton | K13: 0.2001 | L13: 0.2557 | M13: =IF(F13=J13,1,0) -> 1 | N13: =IF(H13=J13,1,0) -> 1 | O13: =-LN(K13) -> 1.608938 | P13: =-LN(L13) -> 1.3637504 | Q13: =LN(E13) -> 3.1780538 | R13: 1 | S13: 2
... A226: 2026 | B226: 11 | C226: Hungarian Grand Prix | D226: Test | E226: 22 | F226: Andrea Kimi Antonelli | G226: 0.1684 | H226: Andrea Kimi Antonelli | I226: 0.1957 | J226: Lando Norris | K226: 0.0649 | L226: 0.0653 | M226: =IF(F226=J226,1,0) -> 0 | N226: =IF(H226=J226,1,0) -> 0 | O226: =-LN(K226) -> 2.7349077 | P226: =-LN(L226) -> 2.7287632 | Q226: =LN(E226) -> 3.0910425 | R226: 1 | S226: 1
